recording_id,segment_id,bar_number,note_index,start_s,end_s,coverage,notes
ath-1973,seg_p07_m18b6_m19b5,18,3,78.100,79.567,partial,segment開始はm18途中（6拍目）
ath-1973,seg_p07_m18b6_m19b5,19,2,79.567,79.933,partial,
ath-1973,seg_p07_m18b6_m19b5,19,3,79.933,80.300,partial,
ath-1973,seg_p07_m18b6_m19b5,19,4,80.300,81.400,partial,
ath-1973,seg_p07_m18b6_m19b5,19,5,81.400,81.767,partial,
ath-1973,seg_p07_m18b6_m19b5,19,6,81.767,82.133,partial,
ath-1973,seg_p07_m18b6_m19b5,19,7,82.133,82.500,partial,segment終了はm19途中（5拍目まで）
hul-2012,seg_p07_m18b6_m19b5,18,3,106.200,108.067,partial,音価比 2/6（=1.867s）を割当（再計算）
hul-2012,seg_p07_m18b6_m19b5,19,2,108.067,108.533,partial,音価比 0.5/6（=0.467s）を割当
hul-2012,seg_p07_m18b6_m19b5,19,3,108.533,109.000,partial,音価比 0.5/6（=0.467s）を割当
hul-2012,seg_p07_m18b6_m19b5,19,4,109.000,110.400,partial,音価比 1.5/6（=1.400s）を割当
hul-2012,seg_p07_m18b6_m19b5,19,5,110.400,110.867,partial,音価比 0.5/6（=0.467s）を割当
hul-2012,seg_p07_m18b6_m19b5,19,6,110.867,111.333,partial,音価比 0.5/6（=0.467s）を割当
hul-2012,seg_p07_m18b6_m19b5,19,7,111.333,111.800,partial,音価比 0.5/6（=0.467s）を割当（segment終端）
ath-1973,seg_p07_m5,5,1,14.349,14.995,full,音価比按分による推定値（要聴取確認）
ath-1973,seg_p07_m5,5,2,14.995,15.642,full,
ath-1973,seg_p07_m5,5,3,15.642,16.288,full,
ath-1973,seg_p07_m5,5,4,16.288,16.934,full,
ath-1973,seg_p07_m5,5,5,16.934,17.581,full,
ath-1973,seg_p07_m5,5,6,17.581,18.227,full,
hul-2012,seg_p07_m5,5,1,17.918,18.814,full,音価比按分による推定値（要聴取確認）
hul-2012,seg_p07_m5,5,2,18.814,19.711,full,
hul-2012,seg_p07_m5,5,3,19.711,20.607,full,
hul-2012,seg_p07_m5,5,4,20.607,21.504,full,
hul-2012,seg_p07_m5,5,5,21.504,22.400,full,
hul-2012,seg_p07_m5,5,6,22.400,23.297,full,
ath-1973,seg_p07_m8,8,1,28.120,29.474,full,音価比按分による推定値（要聴取確認）
ath-1973,seg_p07_m8,8,2,29.474,29.926,full,
ath-1973,seg_p07_m8,8,3,29.926,30.377,full,
ath-1973,seg_p07_m8,8,4,30.377,31.054,full,
ath-1973,seg_p07_m8,8,5,31.054,31.280,full,
ath-1973,seg_p07_m8,8,6,31.280,31.732,full,
ath-1973,seg_p07_m8,8,7,31.732,32.183,full,
hul-2012,seg_p07_m8,8,1,36.515,38.348,full,音価比按分による推定値（要聴取確認）
hul-2012,seg_p07_m8,8,2,38.348,38.959,full,
hul-2012,seg_p07_m8,8,3,38.959,39.571,full,
hul-2012,seg_p07_m8,8,4,39.571,40.487,full,
hul-2012,seg_p07_m8,8,5,40.487,40.793,full,
hul-2012,seg_p07_m8,8,6,40.793,41.404,full,
hul-2012,seg_p07_m8,8,7,41.404,42.015,full,
ath-1973,seg_p07_m13,13,1,50.463,51.256,full,音価比按分による推定値（要聴取確認）
ath-1973,seg_p07_m13,13,2,51.256,52.842,full,
ath-1973,seg_p07_m13,13,3,52.842,54.428,full,
ath-1973,seg_p07_m13,13,4,54.428,55.221,full,
hul-2012,seg_p07_m13,13,1,67.091,68.159,full,音価比按分による推定値（要聴取確認）
hul-2012,seg_p07_m13,13,2,68.159,70.296,full,
hul-2012,seg_p07_m13,13,3,70.296,72.432,full,
hul-2012,seg_p07_m13,13,4,72.432,73.500,full,
bou-1961,seg_p07_m18b6_m19b5,18,3,80.536,82.241,partial,ath-1973比例按分推定値（聴取確認済み 2026-04-26）
bou-1961,seg_p07_m18b6_m19b5,19,2,82.241,82.666,partial,
bou-1961,seg_p07_m18b6_m19b5,19,3,82.666,83.093,partial,
bou-1961,seg_p07_m18b6_m19b5,19,4,83.093,84.371,partial,
bou-1961,seg_p07_m18b6_m19b5,19,5,84.371,84.798,partial,
bou-1961,seg_p07_m18b6_m19b5,19,6,84.798,85.223,partial,
bou-1961,seg_p07_m18b6_m19b5,19,7,85.223,85.65,partial,ath-1973比例按分推定値（聴取確認済み 2026-04-26）
bou-1961,seg_p07_m5,5,1,15.131,15.859,full,ath-1973比例按分推定値（聴取確認済み 2026-04-26）
bou-1961,seg_p07_m5,5,2,15.859,16.59,full,
bou-1961,seg_p07_m5,5,3,16.59,17.319,full,
bou-1961,seg_p07_m5,5,4,17.319,18.048,full,
bou-1961,seg_p07_m5,5,5,18.048,18.779,full,
bou-1961,seg_p07_m5,5,6,18.779,19.507,full,
bou-1961,seg_p07_m8,8,1,29.536,30.825,full,ath-1973比例按分推定値（聴取確認済み 2026-04-26）
bou-1961,seg_p07_m8,8,2,30.825,31.255,full,
bou-1961,seg_p07_m8,8,3,31.255,31.684,full,
bou-1961,seg_p07_m8,8,4,31.684,32.329,full,
bou-1961,seg_p07_m8,8,5,32.329,32.544,full,
bou-1961,seg_p07_m8,8,6,32.544,32.973,full,
bou-1961,seg_p07_m8,8,7,32.973,33.403,full,
bou-1961,seg_p07_m13,13,1,51.286,51.967,full,ath-1973比例按分推定値（聴取確認済み 2026-04-26）
bou-1961,seg_p07_m13,13,2,51.967,53.33,full,
bou-1961,seg_p07_m13,13,3,53.33,54.693,full,
bou-1961,seg_p07_m13,13,4,54.693,55.374,full,
bou-1977,seg_p07_m18b6_m19b5,18,3,83.779,85.474,partial,ath-1973比例按分推定値（聴取確認済み 2026-04-26）
bou-1977,seg_p07_m18b6_m19b5,19,2,85.474,85.896,partial,
bou-1977,seg_p07_m18b6_m19b5,19,3,85.896,86.321,partial,
bou-1977,seg_p07_m18b6_m19b5,19,4,86.321,87.592,partial,
bou-1977,seg_p07_m18b6_m19b5,19,5,87.592,88.015,partial,
bou-1977,seg_p07_m18b6_m19b5,19,6,88.015,88.439,partial,
bou-1977,seg_p07_m18b6_m19b5,19,7,88.439,88.862,partial,ath-1973比例按分推定値（聴取確認済み 2026-04-26）
bou-1977,seg_p07_m5,5,1,14.56,15.268,full,ath-1973比例按分推定値（聴取確認済み 2026-04-26）
bou-1977,seg_p07_m5,5,2,15.268,15.978,full,
bou-1977,seg_p07_m5,5,3,15.978,16.685,full,
bou-1977,seg_p07_m5,5,4,16.685,17.394,full,
bou-1977,seg_p07_m5,5,5,17.394,18.103,full,
bou-1977,seg_p07_m5,5,6,18.103,18.812,full,
bou-1977,seg_p07_m8,8,1,28.024,29.492,full,ath-1973比例按分推定値（聴取確認済み 2026-04-26）
bou-1977,seg_p07_m8,8,2,29.492,29.982,full,
bou-1977,seg_p07_m8,8,3,29.982,30.47,full,
bou-1977,seg_p07_m8,8,4,30.47,31.204,full,
bou-1977,seg_p07_m8,8,5,31.204,31.45,full,
bou-1977,seg_p07_m8,8,6,31.45,31.939,full,
bou-1977,seg_p07_m8,8,7,31.939,32.428,full,
bou-1977,seg_p07_m13,13,1,51.78,52.624,full,ath-1973比例按分推定値（聴取確認済み 2026-04-26）
bou-1977,seg_p07_m13,13,2,52.624,54.312,full,
bou-1977,seg_p07_m13,13,3,54.312,56.0,full,
bou-1977,seg_p07_m13,13,4,56.0,56.843,full,
her-1991,seg_p07_m18b6_m19b5,18,3,100.607,102.532,partial,ath-1973比例按分推定値（聴取確認済み 2026-04-26）
her-1991,seg_p07_m18b6_m19b5,19,2,102.532,103.012,partial,
her-1991,seg_p07_m18b6_m19b5,19,3,103.012,103.494,partial,
her-1991,seg_p07_m18b6_m19b5,19,4,103.494,104.939,partial,
her-1991,seg_p07_m18b6_m19b5,19,5,104.939,105.42,partial,
her-1991,seg_p07_m18b6_m19b5,19,6,105.42,105.9,partial,
her-1991,seg_p07_m18b6_m19b5,19,7,105.9,106.382,partial,ath-1973比例按分推定値（聴取確認済み 2026-04-26）
her-1991,seg_p07_m5,5,1,17.929,18.819,full,ath-1973比例按分推定値（聴取確認済み 2026-04-26）
her-1991,seg_p07_m5,5,2,18.819,19.709,full,
her-1991,seg_p07_m5,5,3,19.709,20.599,full,
her-1991,seg_p07_m5,5,4,20.599,21.489,full,
her-1991,seg_p07_m5,5,5,21.489,22.379,full,
her-1991,seg_p07_m5,5,6,22.379,23.268,full,
her-1991,seg_p07_m8,8,1,35.926,37.708,full,ath-1973比例按分推定値（聴取確認済み 2026-04-26）
her-1991,seg_p07_m8,8,2,37.708,38.303,full,
her-1991,seg_p07_m8,8,3,38.303,38.895,full,
her-1991,seg_p07_m8,8,4,38.895,39.787,full,
her-1991,seg_p07_m8,8,5,39.787,40.084,full,
her-1991,seg_p07_m8,8,6,40.084,40.678,full,
her-1991,seg_p07_m8,8,7,40.678,41.272,full,
her-1991,seg_p07_m13,13,1,62.885,63.856,full,ath-1973比例按分推定値（聴取確認済み 2026-04-26）
her-1991,seg_p07_m13,13,2,63.856,65.796,full,
her-1991,seg_p07_m13,13,3,65.796,67.737,full,
her-1991,seg_p07_m13,13,4,67.737,68.706,full,
