config,recording_id,segment_id,n_kept,offset_cent,range_compression,contour_correlation
frame1024-hop128,ath-1973,seg_p07_m5,6,-50.169,0.7580,0.9000
frame1024-hop128,ath-1973,seg_p07_m8,7,-10.169,1.0608,0.9411
frame1024-hop128,ath-1973,seg_p07_m13,4,-20.169,1.4412,0.8660
frame1024-hop128,ath-1973,seg_p07_m18b6_m19b5,7,-50.169,0.9286,0.9710
frame1024-hop128,hul-2012,seg_p07_m5,5,19.831,0.7331,0.8000
frame1024-hop128,hul-2012,seg_p07_m8,5,-0.169,1.1707,0.9487
frame1024-hop128,hul-2012,seg_p07_m13,4,-60.169,1.0536,0.8660
frame1024-hop128,hul-2012,seg_p07_m18b6_m19b5,7,-60.169,1.4500,0.8827
frame1024-hop128,bou-1961,seg_p07_m5,5,-530.169,0.7100,1.0000
frame1024-hop128,bou-1961,seg_p07_m8,4,-795.169,0.7519,0.8660
frame1024-hop128,bou-1961,seg_p07_m13,4,-400.169,0.9418,0.8660
frame1024-hop128,bou-1961,seg_p07_m18b6_m19b5,5,-890.169,1.1994,0.8000
frame1024-hop128,bou-1977,seg_p07_m5,6,-10.169,0.9787,1.0000
frame1024-hop128,bou-1977,seg_p07_m8,7,9.831,1.0328,0.9411
frame1024-hop128,bou-1977,seg_p07_m13,4,-55.169,1.1185,0.8660
frame1024-hop128,bou-1977,seg_p07_m18b6_m19b5,7,-30.169,1.0400,0.9710
frame1024-hop128,her-1991,seg_p07_m5,5,-360.169,0.8079,1.0000
frame1024-hop128,her-1991,seg_p07_m8,5,-290.169,0.5506,0.6325
frame1024-hop128,her-1991,seg_p07_m13,4,-345.169,0.8117,0.0000
frame1024-hop128,her-1991,seg_p07_m18b6_m19b5,4,-65.169,1.3729,-0.5000
frame1024-hop256,ath-1973,seg_p07_m5,6,-52.669,0.7696,0.9000
frame1024-hop256,ath-1973,seg_p07_m8,7,-0.169,1.0772,0.8804
frame1024-hop256,ath-1973,seg_p07_m13,4,-20.169,1.4478,0.8660
frame1024-hop256,ath-1973,seg_p07_m18b6_m19b5,7,-40.169,0.9752,0.9710
frame1024-hop256,hul-2012,seg_p07_m5,5,19.831,0.7433,0.8000
frame1024-hop256,hul-2012,seg_p07_m8,5,-0.169,1.1455,0.9487
frame1024-hop256,hul-2012,seg_p07_m13,4,-60.169,1.0606,0.8660
frame1024-hop256,hul-2012,seg_p07_m18b6_m19b5,7,-60.169,1.4466,0.8827
frame1024-hop256,bou-1961,seg_p07_m5,5,-530.169,0.7241,1.0000
frame1024-hop256,bou-1961,seg_p07_m8,4,-795.169,0.7519,0.8660
frame1024-hop256,bou-1961,seg_p07_m13,4,-400.169,0.9418,0.8660
frame1024-hop256,bou-1961,seg_p07_m18b6_m19b5,5,-880.169,1.2013,0.8000
frame1024-hop256,bou-1977,seg_p07_m5,6,-10.169,0.9797,1.0000
frame1024-hop256,bou-1977,seg_p07_m8,7,4.831,1.0489,0.9411
frame1024-hop256,bou-1977,seg_p07_m13,4,-55.169,1.1185,0.8660
frame1024-hop256,bou-1977,seg_p07_m18b6_m19b5,7,-30.169,1.0391,0.9710
frame1024-hop256,her-1991,seg_p07_m5,5,-360.169,0.8079,1.0000
frame1024-hop256,her-1991,seg_p07_m8,5,-295.169,0.5436,0.9487
frame1024-hop256,her-1991,seg_p07_m13,4,-347.669,0.8086,0.0000
frame1024-hop256,her-1991,seg_p07_m18b6_m19b5,4,-65.169,1.3767,-0.5000
frame1024-hop512,ath-1973,seg_p07_m5,6,-55.169,0.7631,0.9000
frame1024-hop512,ath-1973,seg_p07_m8,6,7.331,1.0841,1.0000
frame1024-hop512,ath-1973,seg_p07_m13,4,-20.169,1.4545,0.8660
frame1024-hop512,ath-1973,seg_p07_m18b6_m19b5,6,-35.169,0.8925,0.7379
frame1024-hop512,hul-2012,seg_p07_m5,5,19.831,0.7330,0.8000
frame1024-hop512,hul-2012,seg_p07_m8,5,-0.169,1.1455,0.9487
frame1024-hop512,hul-2012,seg_p07_m13,4,-60.169,1.0606,0.8660
frame1024-hop512,hul-2012,seg_p07_m18b6_m19b5,7,-60.169,1.4509,0.8827
frame1024-hop512,bou-1961,seg_p07_m5,5,-530.169,0.6717,1.0000
frame1024-hop512,bou-1961,seg_p07_m8,5,-785.169,0.7607,0.6325
frame1024-hop512,bou-1961,seg_p07_m13,4,-400.169,0.9299,0.8660
frame1024-hop512,bou-1961,seg_p07_m18b6_m19b5,6,-920.169,1.3247,0.8208
frame1024-hop512,bou-1977,seg_p07_m5,6,-10.169,0.9908,1.0000
frame1024-hop512,bou-1977,seg_p07_m8,7,-0.169,1.0724,0.9549
frame1024-hop512,bou-1977,seg_p07_m13,4,-55.169,1.1162,0.8660
frame1024-hop512,bou-1977,seg_p07_m18b6_m19b5,7,-30.169,1.0435,0.9710
frame1024-hop512,her-1991,seg_p07_m5,6,-377.669,0.7363,1.0000
frame1024-hop512,her-1991,seg_p07_m8,5,-290.169,0.5539,0.8333
frame1024-hop512,her-1991,seg_p07_m13,4,-345.169,0.8117,0.0000
frame1024-hop512,her-1991,seg_p07_m18b6_m19b5,4,-62.669,1.3831,-0.5000
frame2048-hop128,ath-1973,seg_p07_m5,6,-30.169,0.7743,0.9000
frame2048-hop128,ath-1973,seg_p07_m8,7,-0.169,1.0791,0.8804
frame2048-hop128,ath-1973,seg_p07_m13,4,-15.169,1.4244,0.8660
frame2048-hop128,ath-1973,seg_p07_m18b6_m19b5,6,-45.169,1.0379,0.9487
frame2048-hop128,hul-2012,seg_p07_m5,5,19.831,0.7280,0.8000
frame2048-hop128,hul-2012,seg_p07_m8,5,-0.169,1.1707,0.9487
frame2048-hop128,hul-2012,seg_p07_m13,4,-60.169,1.0469,0.8660
frame2048-hop128,hul-2012,seg_p07_m18b6_m19b5,6,-80.169,1.4305,0.9000
frame2048-hop128,bou-1961,seg_p07_m5,5,-530.169,0.6780,1.0000
frame2048-hop128,bou-1961,seg_p07_m8,5,-790.169,0.7544,0.6325
frame2048-hop128,bou-1961,seg_p07_m13,4,-400.169,0.9418,0.8660
frame2048-hop128,bou-1961,seg_p07_m18b6_m19b5,6,-922.669,1.3166,0.8208
frame2048-hop128,bou-1977,seg_p07_m5,6,-10.169,0.9929,1.0000
frame2048-hop128,bou-1977,seg_p07_m8,7,-0.169,1.0416,0.9411
frame2048-hop128,bou-1977,seg_p07_m13,4,-55.169,1.1256,0.8660
frame2048-hop128,bou-1977,seg_p07_m18b6_m19b5,7,-30.169,1.0355,0.9710
frame2048-hop128,her-1991,seg_p07_m5,5,-360.169,0.8079,1.0000
frame2048-hop128,her-1991,seg_p07_m8,5,-290.169,0.5469,0.8333
frame2048-hop128,her-1991,seg_p07_m13,4,-350.169,0.8056,0.0000
frame2048-hop128,her-1991,seg_p07_m18b6_m19b5,4,-65.169,1.3691,-0.5000
frame2048-hop256,ath-1973,seg_p07_m5,6,-35.169,0.7765,0.9000
frame2048-hop256,ath-1973,seg_p07_m8,7,-0.169,1.1125,0.6983
frame2048-hop256,ath-1973,seg_p07_m13,4,-15.169,1.4244,0.8660
frame2048-hop256,ath-1973,seg_p07_m18b6_m19b5,6,-45.169,1.0210,0.9487
frame2048-hop256,hul-2012,seg_p07_m5,5,19.831,0.7297,0.8000
frame2048-hop256,hul-2012,seg_p07_m8,5,-0.169,1.1455,0.9487
frame2048-hop256,hul-2012,seg_p07_m13,4,-60.169,1.0403,0.8660
frame2048-hop256,hul-2012,seg_p07_m18b6_m19b5,6,-80.169,1.4305,0.9000
frame2048-hop256,bou-1961,seg_p07_m5,5,-535.169,0.7097,1.0000
frame2048-hop256,bou-1961,seg_p07_m8,5,-790.169,0.7517,0.6325
frame2048-hop256,bou-1961,seg_p07_m13,4,-400.169,0.9418,0.8660
frame2048-hop256,bou-1961,seg_p07_m18b6_m19b5,6,-922.669,1.3172,0.8208
frame2048-hop256,bou-1977,seg_p07_m5,6,-10.169,0.9973,1.0000
frame2048-hop256,bou-1977,seg_p07_m8,7,4.831,1.0388,0.9411
frame2048-hop256,bou-1977,seg_p07_m13,4,-55.169,1.1185,0.8660
frame2048-hop256,bou-1977,seg_p07_m18b6_m19b5,6,-35.169,1.0270,0.9487
frame2048-hop256,her-1991,seg_p07_m5,5,-360.169,0.8077,1.0000
frame2048-hop256,her-1991,seg_p07_m8,5,-290.169,0.5469,0.8333
frame2048-hop256,her-1991,seg_p07_m13,4,-350.169,0.8056,0.0000
frame2048-hop256,her-1991,seg_p07_m18b6_m19b5,4,-65.169,1.3691,-0.5000
frame2048-hop512,ath-1973,seg_p07_m5,6,-37.669,0.7808,0.9000
frame2048-hop512,ath-1973,seg_p07_m8,7,-0.169,1.1557,0.6983
frame2048-hop512,ath-1973,seg_p07_m13,4,-20.169,1.4345,0.8660
frame2048-hop512,ath-1973,seg_p07_m18b6_m19b5,7,-30.169,0.8575,0.9710
frame2048-hop512,hul-2012,seg_p07_m5,5,19.831,0.7330,0.8000
frame2048-hop512,hul-2012,seg_p07_m8,5,-0.169,1.1467,0.9487
frame2048-hop512,hul-2012,seg_p07_m13,4,-60.169,1.0403,0.8660
frame2048-hop512,hul-2012,seg_p07_m18b6_m19b5,7,-60.169,1.4408,0.8827
frame2048-hop512,bou-1961,seg_p07_m5,5,-530.169,0.6738,1.0000
frame2048-hop512,bou-1961,seg_p07_m8,4,-795.169,0.7606,0.8660
frame2048-hop512,bou-1961,seg_p07_m13,4,-400.169,0.9418,0.8660
frame2048-hop512,bou-1961,seg_p07_m18b6_m19b5,6,-915.169,1.3000,0.8208
frame2048-hop512,bou-1977,seg_p07_m5,6,-10.169,0.9843,1.0000
frame2048-hop512,bou-1977,seg_p07_m8,7,9.831,1.0192,0.9411
frame2048-hop512,bou-1977,seg_p07_m13,4,-57.669,1.1248,0.8660
frame2048-hop512,bou-1977,seg_p07_m18b6_m19b5,6,-30.169,1.0494,0.9487
frame2048-hop512,her-1991,seg_p07_m5,6,-375.169,0.7441,1.0000
frame2048-hop512,her-1991,seg_p07_m8,5,-290.169,0.5469,0.8333
frame2048-hop512,her-1991,seg_p07_m13,4,-350.169,0.8056,0.0000
frame2048-hop512,her-1991,seg_p07_m18b6_m19b5,5,-85.169,1.3308,0.4000
frame4096-hop128,ath-1973,seg_p07_m5,6,-40.169,0.7442,0.7000
frame4096-hop128,ath-1973,seg_p07_m8,7,-10.169,1.0583,0.9411
frame4096-hop128,ath-1973,seg_p07_m13,4,-25.169,1.4182,0.8660
frame4096-hop128,ath-1973,seg_p07_m18b6_m19b5,7,-30.169,0.9723,0.9710
frame4096-hop128,hul-2012,seg_p07_m5,6,24.831,0.7840,0.9000
frame4096-hop128,hul-2012,seg_p07_m8,5,-0.169,1.1788,0.9487
frame4096-hop128,hul-2012,seg_p07_m13,4,-60.169,1.0536,0.8660
frame4096-hop128,hul-2012,seg_p07_m18b6_m19b5,7,-60.169,1.4450,0.8827
frame4096-hop128,bou-1961,seg_p07_m5,5,-540.169,0.7714,1.0000
frame4096-hop128,bou-1961,seg_p07_m8,4,-805.169,0.7290,0.8660
frame4096-hop128,bou-1961,seg_p07_m13,4,-400.169,0.9299,0.8660
frame4096-hop128,bou-1961,seg_p07_m18b6_m19b5,6,-930.169,1.3151,0.8208
frame4096-hop128,bou-1977,seg_p07_m5,6,-12.669,0.9929,0.9747
frame4096-hop128,bou-1977,seg_p07_m8,7,9.831,1.0572,0.9411
frame4096-hop128,bou-1977,seg_p07_m13,4,-60.169,1.1312,0.8660
frame4096-hop128,bou-1977,seg_p07_m18b6_m19b5,7,-30.169,1.0461,0.9710
frame4096-hop128,her-1991,seg_p07_m5,5,-360.169,0.8219,1.0000
frame4096-hop128,her-1991,seg_p07_m8,5,-300.169,0.5406,0.9487
frame4096-hop128,her-1991,seg_p07_m13,4,-340.169,0.8234,0.0000
frame4096-hop128,her-1991,seg_p07_m18b6_m19b5,4,-65.169,1.3755,-0.5000
frame4096-hop256,ath-1973,seg_p07_m5,6,-40.169,0.7718,0.7000
frame4096-hop256,ath-1973,seg_p07_m8,7,-10.169,1.0503,0.9411
frame4096-hop256,ath-1973,seg_p07_m13,4,-15.169,1.4110,0.8660
frame4096-hop256,ath-1973,seg_p07_m18b6_m19b5,7,-30.169,0.9643,0.9710
frame4096-hop256,hul-2012,seg_p07_m5,6,24.831,0.7855,0.9000
frame4096-hop256,hul-2012,seg_p07_m8,5,-0.169,1.1788,0.9487
frame4096-hop256,hul-2012,seg_p07_m13,4,-60.169,1.0469,0.8660
frame4096-hop256,hul-2012,seg_p07_m18b6_m19b5,7,-60.169,1.4382,0.8827
frame4096-hop256,bou-1961,seg_p07_m5,5,-540.169,0.7813,1.0000
frame4096-hop256,bou-1961,seg_p07_m8,4,-802.669,0.7358,0.8660
frame4096-hop256,bou-1961,seg_p07_m13,4,-400.169,0.9299,0.8660
frame4096-hop256,bou-1961,seg_p07_m18b6_m19b5,6,-930.169,1.3248,0.8208
frame4096-hop256,bou-1977,seg_p07_m5,6,-15.169,0.9852,1.0000
frame4096-hop256,bou-1977,seg_p07_m8,7,9.831,1.0572,0.9411
frame4096-hop256,bou-1977,seg_p07_m13,4,-60.169,1.1312,0.8660
frame4096-hop256,bou-1977,seg_p07_m18b6_m19b5,7,-35.169,1.0396,0.9710
frame4096-hop256,her-1991,seg_p07_m5,5,-360.169,0.8219,1.0000
frame4096-hop256,her-1991,seg_p07_m8,5,-300.169,0.5406,0.9487
frame4096-hop256,her-1991,seg_p07_m13,4,-340.169,0.8234,0.0000
frame4096-hop256,her-1991,seg_p07_m18b6_m19b5,4,-65.169,1.3755,-0.5000
frame4096-hop512,ath-1973,seg_p07_m5,6,-37.669,0.7543,0.8208
frame4096-hop512,ath-1973,seg_p07_m8,7,-10.169,1.0519,0.9411
frame4096-hop512,ath-1973,seg_p07_m13,4,-15.169,1.4110,0.8660
frame4096-hop512,ath-1973,seg_p07_m18b6_m19b5,7,-40.169,0.9613,0.9710
frame4096-hop512,hul-2012,seg_p07_m5,6,27.331,0.7840,0.9000
frame4096-hop512,hul-2012,seg_p07_m8,5,-0.169,1.1788,0.9487
frame4096-hop512,hul-2012,seg_p07_m13,4,-60.169,1.0469,0.8660
frame4096-hop512,hul-2012,seg_p07_m18b6_m19b5,7,-60.169,1.4365,0.8827
frame4096-hop512,bou-1961,seg_p07_m5,5,-540.169,0.7642,1.0000
frame4096-hop512,bou-1961,seg_p07_m8,4,-800.169,0.7389,0.8660
frame4096-hop512,bou-1961,seg_p07_m13,4,-400.169,0.9299,0.8660
frame4096-hop512,bou-1961,seg_p07_m18b6_m19b5,6,-930.169,1.3217,0.8208
frame4096-hop512,bou-1977,seg_p07_m5,6,-15.169,0.9903,1.0000
frame4096-hop512,bou-1977,seg_p07_m8,7,9.831,1.0650,0.9411
frame4096-hop512,bou-1977,seg_p07_m13,4,-60.169,1.1312,0.8660
frame4096-hop512,bou-1977,seg_p07_m18b6_m19b5,7,-30.169,1.0396,0.9710
frame4096-hop512,her-1991,seg_p07_m5,6,-377.669,0.8172,1.0000
frame4096-hop512,her-1991,seg_p07_m8,5,-300.169,0.5486,0.9487
frame4096-hop512,her-1991,seg_p07_m13,4,-340.169,0.8234,0.0000
frame4096-hop512,her-1991,seg_p07_m18b6_m19b5,4,-62.669,1.3781,-0.5000
shift-50ms,ath-1973,seg_p07_m5,6,-52.669,0.7605,0.9000
shift-50ms,ath-1973,seg_p07_m8,7,-0.169,1.1760,0.6983
shift-50ms,ath-1973,seg_p07_m13,4,-5.169,1.4181,0.8660
shift-50ms,ath-1973,seg_p07_m18b6_m19b5,6,-22.669,0.7380,0.7379
shift-50ms,hul-2012,seg_p07_m5,5,19.831,0.7486,0.8000
shift-50ms,hul-2012,seg_p07_m8,5,-0.169,1.1396,0.9487
shift-50ms,hul-2012,seg_p07_m13,4,-60.169,1.0438,0.8660
shift-50ms,hul-2012,seg_p07_m18b6_m19b5,7,-60.169,1.4332,0.8827
shift-50ms,bou-1961,seg_p07_m5,5,-530.169,0.6851,1.0000
shift-50ms,bou-1961,seg_p07_m8,4,-785.169,0.7892,0.8660
shift-50ms,bou-1961,seg_p07_m13,4,-400.169,0.9418,0.8660
shift-50ms,bou-1961,seg_p07_m18b6_m19b5,6,-902.669,1.3134,0.8208
shift-50ms,bou-1977,seg_p07_m5,6,-10.169,0.9901,1.0000
shift-50ms,bou-1977,seg_p07_m8,7,4.831,1.0545,0.9411
shift-50ms,bou-1977,seg_p07_m13,4,-55.169,1.1140,0.8660
shift-50ms,bou-1977,seg_p07_m18b6_m19b5,6,-30.169,1.0180,0.9487
shift-50ms,her-1991,seg_p07_m5,6,-367.669,0.7383,1.0000
shift-50ms,her-1991,seg_p07_m8,5,-290.169,0.5465,0.9487
shift-50ms,her-1991,seg_p07_m13,4,-345.169,0.8117,0.0000
shift-50ms,her-1991,seg_p07_m18b6_m19b5,5,-80.169,1.3394,0.4000
shift-20ms,ath-1973,seg_p07_m5,6,-45.169,0.7712,0.9000
shift-20ms,ath-1973,seg_p07_m8,7,-0.169,1.1660,0.6983
shift-20ms,ath-1973,seg_p07_m13,4,-10.169,1.4211,1.0000
shift-20ms,ath-1973,seg_p07_m18b6_m19b5,6,-45.169,0.9855,0.9487
shift-20ms,hul-2012,seg_p07_m5,5,19.831,0.7348,0.8000
shift-20ms,hul-2012,seg_p07_m8,5,-0.169,1.1396,0.9487
shift-20ms,hul-2012,seg_p07_m13,4,-60.169,1.0403,0.8660
shift-20ms,hul-2012,seg_p07_m18b6_m19b5,7,-60.169,1.4415,0.8827
shift-20ms,bou-1961,seg_p07_m5,5,-535.169,0.7048,1.0000
shift-20ms,bou-1961,seg_p07_m8,4,-792.669,0.7681,0.8660
shift-20ms,bou-1961,seg_p07_m13,4,-400.169,0.9418,0.8660
shift-20ms,bou-1961,seg_p07_m18b6_m19b5,6,-915.169,1.3179,0.8208
shift-20ms,bou-1977,seg_p07_m5,6,-10.169,0.9911,1.0000
shift-20ms,bou-1977,seg_p07_m8,7,4.831,1.0479,0.9411
shift-20ms,bou-1977,seg_p07_m13,4,-57.669,1.1226,0.8660
shift-20ms,bou-1977,seg_p07_m18b6_m19b5,6,-30.169,1.0309,0.9487
shift-20ms,her-1991,seg_p07_m5,6,-375.169,0.7390,1.0000
shift-20ms,her-1991,seg_p07_m8,5,-290.169,0.5465,0.9487
shift-20ms,her-1991,seg_p07_m13,4,-350.169,0.8056,0.0000
shift-20ms,her-1991,seg_p07_m18b6_m19b5,4,-65.169,1.3745,-0.5000
shift+20ms,ath-1973,seg_p07_m5,6,-30.169,0.7803,0.7000
shift+20ms,ath-1973,seg_p07_m8,7,-0.169,1.0600,0.9241
shift+20ms,ath-1973,seg_p07_m13,4,-20.169,1.4278,0.8660
shift+20ms,ath-1973,seg_p07_m18b6_m19b5,6,-45.169,1.1208,0.9487
shift+20ms,hul-2012,seg_p07_m5,5,29.831,0.7377,0.8000
shift+20ms,hul-2012,seg_p07_m8,5,-0.169,1.1455,0.9487
shift+20ms,hul-2012,seg_p07_m13,4,-60.169,1.0536,0.8660
shift+20ms,hul-2012,seg_p07_m18b6_m19b5,6,-82.669,1.4304,0.9000
shift+20ms,bou-1961,seg_p07_m5,5,-540.169,0.7208,1.0000
shift+20ms,bou-1961,seg_p07_m8,5,-790.169,0.7395,0.6325
shift+20ms,bou-1961,seg_p07_m13,4,-400.169,0.9418,0.8660
shift+20ms,bou-1961,seg_p07_m18b6_m19b5,6,-927.669,1.3110,0.8208
shift+20ms,bou-1977,seg_p07_m5,6,-10.169,0.9887,1.0000
shift+20ms,bou-1977,seg_p07_m8,7,-0.169,1.0484,0.9411
shift+20ms,bou-1977,seg_p07_m13,4,-55.169,1.1185,0.8660
shift+20ms,bou-1977,seg_p07_m18b6_m19b5,7,-40.169,1.0333,0.9710
shift+20ms,her-1991,seg_p07_m5,5,-360.169,0.8077,1.0000
shift+20ms,her-1991,seg_p07_m8,5,-290.169,0.5469,0.8333
shift+20ms,her-1991,seg_p07_m13,4,-350.169,0.8056,0.0000
shift+20ms,her-1991,seg_p07_m18b6_m19b5,4,-70.169,1.3641,-0.5000
shift+50ms,ath-1973,seg_p07_m5,6,-30.169,0.7912,0.7000
shift+50ms,ath-1973,seg_p07_m8,7,9.831,1.0593,0.9411
shift+50ms,ath-1973,seg_p07_m13,4,-25.169,1.4314,0.8660
shift+50ms,ath-1973,seg_p07_m18b6_m19b5,7,-30.169,0.9635,0.9710
shift+50ms,hul-2012,seg_p07_m5,5,29.831,0.7313,0.8000
shift+50ms,hul-2012,seg_p07_m8,5,-0.169,1.1581,0.9487
shift+50ms,hul-2012,seg_p07_m13,4,-60.169,1.0536,0.8660
shift+50ms,hul-2012,seg_p07_m18b6_m19b5,6,-87.669,1.4302,0.9000
shift+50ms,bou-1961,seg_p07_m5,5,-535.169,0.7489,1.0000
shift+50ms,bou-1961,seg_p07_m8,5,-790.169,0.7345,0.6325
shift+50ms,bou-1961,seg_p07_m13,4,-400.169,0.9418,0.8660
shift+50ms,bou-1961,seg_p07_m18b6_m19b5,6,-937.669,1.2130,0.6669
shift+50ms,bou-1977,seg_p07_m5,6,-15.169,0.9853,1.0000
shift+50ms,bou-1977,seg_p07_m8,7,-0.169,1.0416,0.9411
shift+50ms,bou-1977,seg_p07_m13,4,-55.169,1.1232,0.8660
shift+50ms,bou-1977,seg_p07_m18b6_m19b5,7,-70.169,1.0279,0.9710
shift+50ms,her-1991,seg_p07_m5,5,-360.169,0.8104,1.0000
shift+50ms,her-1991,seg_p07_m8,5,-290.169,0.5477,0.6325
shift+50ms,her-1991,seg_p07_m13,4,-350.169,0.8056,0.0000
shift+50ms,her-1991,seg_p07_m18b6_m19b5,5,-100.169,1.5709,-0.8000
jitterU30ms-seed1,ath-1973,seg_p07_m5,6,-35.169,0.7810,0.9000
jitterU30ms-seed1,ath-1973,seg_p07_m8,7,-0.169,1.1074,0.6983
jitterU30ms-seed1,ath-1973,seg_p07_m13,4,-15.169,1.4244,0.8660
jitterU30ms-seed1,ath-1973,seg_p07_m18b6_m19b5,7,-30.169,0.9508,0.9710
jitterU30ms-seed1,hul-2012,seg_p07_m5,5,19.831,0.7262,0.8000
jitterU30ms-seed1,hul-2012,seg_p07_m8,5,-0.169,1.1455,0.9487
jitterU30ms-seed1,hul-2012,seg_p07_m13,4,-60.169,1.0469,0.8660
jitterU30ms-seed1,hul-2012,seg_p07_m18b6_m19b5,6,-80.169,1.4305,0.9000
jitterU30ms-seed1,bou-1961,seg_p07_m5,5,-540.169,0.7023,1.0000
jitterU30ms-seed1,bou-1961,seg_p07_m8,5,-790.169,0.7395,0.6325
jitterU30ms-seed1,bou-1961,seg_p07_m13,4,-400.169,0.9418,0.8660
jitterU30ms-seed1,bou-1961,seg_p07_m18b6_m19b5,6,-930.169,1.3139,0.8208
jitterU30ms-seed1,bou-1977,seg_p07_m5,6,-10.169,0.9900,1.0000
jitterU30ms-seed1,bou-1977,seg_p07_m8,7,-0.169,1.0459,0.9411
jitterU30ms-seed1,bou-1977,seg_p07_m13,4,-55.169,1.1162,0.8660
jitterU30ms-seed1,bou-1977,seg_p07_m18b6_m19b5,6,-30.169,1.0367,0.9487
jitterU30ms-seed1,her-1991,seg_p07_m5,5,-360.169,0.8077,1.0000
jitterU30ms-seed1,her-1991,seg_p07_m8,5,-290.169,0.5469,0.8333
jitterU30ms-seed1,her-1991,seg_p07_m13,4,-350.169,0.8056,0.0000
jitterU30ms-seed1,her-1991,seg_p07_m18b6_m19b5,4,-65.169,1.3691,-0.5000
jitterU30ms-seed2,ath-1973,seg_p07_m5,6,-42.669,0.7741,0.7000
jitterU30ms-seed2,ath-1973,seg_p07_m8,7,-0.169,1.1477,0.6983
jitterU30ms-seed2,ath-1973,seg_p07_m13,4,-17.669,1.4261,0.8660
jitterU30ms-seed2,ath-1973,seg_p07_m18b6_m19b5,6,-45.169,1.0904,0.9487
jitterU30ms-seed2,hul-2012,seg_p07_m5,5,24.831,0.7440,0.8000
jitterU30ms-seed2,hul-2012,seg_p07_m8,5,-0.169,1.1540,0.9487
jitterU30ms-seed2,hul-2012,seg_p07_m13,4,-62.669,1.0487,0.8660
jitterU30ms-seed2,hul-2012,seg_p07_m18b6_m19b5,6,-80.169,1.4305,0.9000
jitterU30ms-seed2,bou-1961,seg_p07_m5,5,-540.169,0.7254,1.0000
jitterU30ms-seed2,bou-1961,seg_p07_m8,5,-790.169,0.7517,0.6325
jitterU30ms-seed2,bou-1961,seg_p07_m13,4,-400.169,0.9418,0.8660
jitterU30ms-seed2,bou-1961,seg_p07_m18b6_m19b5,6,-925.169,1.3056,0.8208
jitterU30ms-seed2,bou-1977,seg_p07_m5,6,-10.169,0.9933,1.0000
jitterU30ms-seed2,bou-1977,seg_p07_m8,7,4.831,1.0388,0.9411
jitterU30ms-seed2,bou-1977,seg_p07_m13,4,-57.669,1.1248,0.8660
jitterU30ms-seed2,bou-1977,seg_p07_m18b6_m19b5,6,-30.169,1.0309,0.9487
jitterU30ms-seed2,her-1991,seg_p07_m5,6,-375.169,0.7390,1.0000
jitterU30ms-seed2,her-1991,seg_p07_m8,5,-290.169,0.5465,0.9487
jitterU30ms-seed2,her-1991,seg_p07_m13,4,-347.669,0.8086,0.0000
jitterU30ms-seed2,her-1991,seg_p07_m18b6_m19b5,4,-70.169,1.3641,-0.5000
jitterU30ms-seed3,ath-1973,seg_p07_m5,6,-42.669,0.7670,0.7000
jitterU30ms-seed3,ath-1973,seg_p07_m8,7,4.831,1.0766,0.9241
jitterU30ms-seed3,ath-1973,seg_p07_m13,4,-20.169,1.4278,0.8660
jitterU30ms-seed3,ath-1973,seg_p07_m18b6_m19b5,6,-45.169,0.9994,0.9487
jitterU30ms-seed3,hul-2012,seg_p07_m5,5,24.831,0.7265,0.8000
jitterU30ms-seed3,hul-2012,seg_p07_m8,5,-0.169,1.1497,0.9487
jitterU30ms-seed3,hul-2012,seg_p07_m13,4,-62.669,1.0487,0.8660
jitterU30ms-seed3,hul-2012,seg_p07_m18b6_m19b5,6,-82.669,1.4304,0.9000
jitterU30ms-seed3,bou-1961,seg_p07_m5,5,-540.169,0.7187,1.0000
jitterU30ms-seed3,bou-1961,seg_p07_m8,5,-790.169,0.7517,0.6325
jitterU30ms-seed3,bou-1961,seg_p07_m13,4,-400.169,0.9418,0.8660
jitterU30ms-seed3,bou-1961,seg_p07_m18b6_m19b5,6,-925.169,1.3118,0.8208
jitterU30ms-seed3,bou-1977,seg_p07_m5,6,-10.169,0.9944,1.0000
jitterU30ms-seed3,bou-1977,seg_p07_m8,7,-0.169,1.0484,0.9411
jitterU30ms-seed3,bou-1977,seg_p07_m13,4,-55.169,1.1185,0.8660
jitterU30ms-seed3,bou-1977,seg_p07_m18b6_m19b5,7,-40.169,1.0333,0.9710
jitterU30ms-seed3,her-1991,seg_p07_m5,5,-360.169,0.8077,1.0000
jitterU30ms-seed3,her-1991,seg_p07_m8,5,-290.169,0.5465,0.9487
jitterU30ms-seed3,her-1991,seg_p07_m13,4,-350.169,0.8056,0.0000
jitterU30ms-seed3,her-1991,seg_p07_m18b6_m19b5,4,-65.169,1.3691,-0.5000
