recording_id,segment_id,source,bar_number,note_index,ref_pitch_name,ref_pitch_cent,voiced_ratio,f0_iqr_cent,est_cent_median,error_cent,abs_error_cent,pitch_class_error,is_pyin_unreliable,unreliable_reasons
ath-1973,seg_p07_m5,original,5,1,F4,6500.0,1.0,112.5,6559.999999999999,59.99999999999909,59.99999999999909,within,False,
ath-1973,seg_p07_m5,original,5,2,D4,6200.0,1.0,22.49999999999909,6650.0,450.0,450.0,within,False,
ath-1973,seg_p07_m5,original,5,3,E4,6400.0,1.0,380.0,6520.0,120.0,120.0,within,False,
ath-1973,seg_p07_m5,original,5,4,G#4,6800.0,1.0,25.00000000000182,6740.000000000001,-59.99999999999909,59.99999999999909,within,False,
ath-1973,seg_p07_m5,original,5,5,B4,7100.0,1.0,32.50000000000091,6869.999999999999,-230.0000000000009,230.0000000000009,within,False,
ath-1973,seg_p07_m5,original,5,6,D4,6200.0,1.0,62.49999999999727,6800.0,600.0,600.0,within,False,
ath-1973,seg_p07_m5,demucs_vocals,5,1,F4,6500.0,1.0,72.50000000000091,6495.0,-5.0,5.0,within,False,
ath-1973,seg_p07_m5,demucs_vocals,5,2,D4,6200.0,1.0,65.00000000000091,6249.999999999998,49.99999999999818,49.99999999999818,within,False,
ath-1973,seg_p07_m5,demucs_vocals,5,3,E4,6400.0,0.6964285714285714,170.0,6359.999999999999,-40.00000000000091,40.00000000000091,within,False,
ath-1973,seg_p07_m5,demucs_vocals,5,4,G#4,6800.0,0.9818181818181818,30.00000000000091,6740.000000000001,-59.99999999999909,59.99999999999909,within,False,
ath-1973,seg_p07_m5,demucs_vocals,5,5,B4,7100.0,0.7678571428571429,259.9999999999991,6839.999999999999,-260.0000000000009,260.0000000000009,within,False,
ath-1973,seg_p07_m5,demucs_vocals,5,6,D4,6200.0,0.7857142857142857,40.00000000000273,6120.0,-80.0,80.0,within,False,
ath-1973,seg_p07_m8,original,8,1,C5,7200.0,0.7948717948717948,120.00000000000091,7190.000000000001,-9.99999999999909,9.99999999999909,within,False,
ath-1973,seg_p07_m8,original,8,2,C#5,7300.0,0.4358974358974359,19.99999999999909,7280.0,-20.0,20.0,within,True,voiced_low
ath-1973,seg_p07_m8,original,8,3,C5,7200.0,0.48717948717948717,70.00000000000182,7209.999999999999,9.99999999999909,9.99999999999909,within,True,voiced_low
ath-1973,seg_p07_m8,original,8,4,D5,7400.0,0.9137931034482759,40.0,7379.999999999998,-20.00000000000182,20.00000000000182,within,False,
ath-1973,seg_p07_m8,original,8,5,C#5,7300.0,1.0,65.0,7255.0,-45.0,45.0,within,False,
ath-1973,seg_p07_m8,original,8,6,C5,7200.0,1.0,54.99999999999818,7159.999999999999,-40.00000000000091,40.00000000000091,within,False,
ath-1973,seg_p07_m8,original,8,7,A#4,7000.0,1.0,30.00000000000091,7069.999999999999,69.99999999999909,69.99999999999909,within,False,
ath-1973,seg_p07_m8,demucs_vocals,8,1,C5,7200.0,0.9914529914529915,120.0,7214.999999999999,14.99999999999909,14.99999999999909,within,False,
ath-1973,seg_p07_m8,demucs_vocals,8,2,C#5,7300.0,0.7435897435897436,59.99999999999818,7289.999999999999,-10.00000000000091,10.00000000000091,within,False,
ath-1973,seg_p07_m8,demucs_vocals,8,3,C5,7200.0,1.0,230.0,7280.0,80.0,80.0,within,False,
ath-1973,seg_p07_m8,demucs_vocals,8,4,D5,7400.0,1.0,35.00000000000091,7379.999999999998,-20.00000000000182,20.00000000000182,within,False,
ath-1973,seg_p07_m8,demucs_vocals,8,5,C#5,7300.0,1.0,70.00000000000091,7275.0,-25.0,25.0,within,False,
ath-1973,seg_p07_m8,demucs_vocals,8,6,C5,7200.0,1.0,145.0,7240.000000000001,40.00000000000091,40.00000000000091,within,False,
ath-1973,seg_p07_m8,demucs_vocals,8,7,A#4,7000.0,1.0,29.99999999999909,6959.999999999999,-40.00000000000091,40.00000000000091,within,False,
ath-1973,seg_p07_m13,original,13,1,D#4,6300.0,1.0,9.99999999999909,6349.999999999999,49.99999999999909,49.99999999999909,within,False,
ath-1973,seg_p07_m13,original,13,2,D4,6200.0,0.9411764705882353,22.50000000000182,6260.0,60.0,60.0,within,False,
ath-1973,seg_p07_m13,original,13,3,B3,5900.0,0.31386861313868614,110.0,6120.0,220.0,220.0,within,True,voiced_low
ath-1973,seg_p07_m13,original,13,4,G#3,5600.0,0.8235294117647058,762.4999999999991,5735.0,135.0,135.0,within,True,iqr_high
ath-1973,seg_p07_m13,demucs_vocals,13,1,D#4,6300.0,1.0,0.0,6359.999999999999,59.99999999999909,59.99999999999909,within,False,
ath-1973,seg_p07_m13,demucs_vocals,13,2,D4,6200.0,0.9338235294117647,40.0,6260.0,60.0,60.0,within,False,
ath-1973,seg_p07_m13,demucs_vocals,13,3,B3,5900.0,1.0,189.9999999999991,5809.999999999999,-90.00000000000091,90.00000000000091,within,False,
ath-1973,seg_p07_m13,demucs_vocals,13,4,G#3,5600.0,1.0,102.50000000000091,5380.0,-220.0,220.0,within,False,
ath-1973,seg_p07_m18b6_m19b5,original,18,3,C5,7200.0,1.0,105.0,7159.999999999999,-40.00000000000091,40.00000000000091,within,False,
ath-1973,seg_p07_m18b6_m19b5,original,19,2,B4,7100.0,1.0,54.99999999999818,7130.0,30.0,30.0,within,False,
ath-1973,seg_p07_m18b6_m19b5,original,19,3,G#4,6800.0,0.84375,395.0000000000018,6839.999999999999,39.99999999999909,39.99999999999909,within,False,
ath-1973,seg_p07_m18b6_m19b5,original,19,4,C5,7200.0,0.9052631578947369,77.49999999999818,7120.0,-80.0,80.0,within,False,
ath-1973,seg_p07_m18b6_m19b5,original,19,5,B4,7100.0,1.0,80.00000000000091,7039.999999999998,-60.00000000000182,60.00000000000182,within,False,
ath-1973,seg_p07_m18b6_m19b5,original,19,6,G#4,6800.0,1.0,255.0,6680.0,-120.0,120.0,within,False,
ath-1973,seg_p07_m18b6_m19b5,original,19,7,C#4,6100.0,0.967741935483871,410.0,6145.0,45.0,45.0,within,False,
ath-1973,seg_p07_m18b6_m19b5,demucs_vocals,18,3,C5,7200.0,0.984251968503937,100.0,7169.999999999999,-30.00000000000091,30.00000000000091,within,False,
ath-1973,seg_p07_m18b6_m19b5,demucs_vocals,19,2,B4,7100.0,1.0,54.99999999999818,7130.0,30.0,30.0,within,False,
ath-1973,seg_p07_m18b6_m19b5,demucs_vocals,19,3,G#4,6800.0,0.84375,395.0000000000018,6830.0,30.0,30.0,within,False,
ath-1973,seg_p07_m18b6_m19b5,demucs_vocals,19,4,C5,7200.0,0.9052631578947369,77.49999999999818,7120.0,-80.0,80.0,within,False,
ath-1973,seg_p07_m18b6_m19b5,demucs_vocals,19,5,B4,7100.0,1.0,80.00000000000091,7029.999999999998,-70.00000000000182,70.00000000000182,within,False,
ath-1973,seg_p07_m18b6_m19b5,demucs_vocals,19,6,G#4,6800.0,1.0,255.0,6680.0,-120.0,120.0,within,False,
ath-1973,seg_p07_m18b6_m19b5,demucs_vocals,19,7,C#4,6100.0,0.967741935483871,387.5,6145.0,45.0,45.0,within,False,
hul-2012,seg_p07_m5,original,5,1,F4,6500.0,0.9102564102564102,255.0,6569.999999999999,69.99999999999909,69.99999999999909,within,False,
hul-2012,seg_p07_m5,original,5,2,D4,6200.0,0.8311688311688312,302.5,6309.999999999999,109.99999999999909,109.99999999999909,within,False,
hul-2012,seg_p07_m5,original,5,3,E4,6400.0,1.0,40.00000000000091,6480.000000000001,80.00000000000091,80.00000000000091,within,False,
hul-2012,seg_p07_m5,original,5,4,G#4,6800.0,1.0,19.99999999999909,6820.0,20.0,20.0,within,False,
hul-2012,seg_p07_m5,original,5,5,B4,7100.0,1.0,69.99999999999818,6919.999999999999,-180.0000000000009,180.0000000000009,within,False,
hul-2012,seg_p07_m5,original,5,6,D4,6200.0,0.8571428571428571,659.9999999999982,6230.0,30.0,30.0,within,True,iqr_high
hul-2012,seg_p07_m5,demucs_vocals,5,1,F4,6500.0,0.9743589743589743,280.0,6490.0,-10.0,10.0,within,False,
hul-2012,seg_p07_m5,demucs_vocals,5,2,D4,6200.0,1.0,230.0,6309.999999999999,109.99999999999909,109.99999999999909,within,False,
hul-2012,seg_p07_m5,demucs_vocals,5,3,E4,6400.0,1.0,40.00000000000273,6469.999999999999,69.99999999999909,69.99999999999909,within,False,
hul-2012,seg_p07_m5,demucs_vocals,5,4,G#4,6800.0,1.0,19.99999999999909,6820.0,20.0,20.0,within,False,
hul-2012,seg_p07_m5,demucs_vocals,5,5,B4,7100.0,1.0,105.00000000000091,6919.999999999999,-180.0000000000009,180.0000000000009,within,False,
hul-2012,seg_p07_m5,demucs_vocals,5,6,D4,6200.0,0.974025974025974,689.9999999999991,6249.999999999998,49.99999999999818,49.99999999999818,within,True,iqr_high
hul-2012,seg_p07_m8,original,8,1,C5,7200.0,1.0,69.99999999999909,7164.999999999999,-35.00000000000091,35.00000000000091,within,False,
hul-2012,seg_p07_m8,original,8,2,C#5,7300.0,0.9245283018867925,49.99999999999909,6089.999999999999,-1210.000000000001,1210.000000000001,oct_1,True,pitch_class_oct_1
hul-2012,seg_p07_m8,original,8,3,C5,7200.0,0.9245283018867925,970.0,7190.000000000001,-9.99999999999909,9.99999999999909,within,True,iqr_high
hul-2012,seg_p07_m8,original,8,4,D5,7400.0,1.0,30.00000000000091,7390.000000000001,-9.99999999999909,9.99999999999909,within,False,
hul-2012,seg_p07_m8,original,8,5,C#5,7300.0,1.0,175.0000000000009,7230.000000000001,-69.99999999999909,69.99999999999909,within,False,
hul-2012,seg_p07_m8,original,8,6,C5,7200.0,1.0,0.0,7289.999999999999,89.99999999999909,89.99999999999909,within,False,
hul-2012,seg_p07_m8,original,8,7,A#4,7000.0,1.0,9.99999999999909,6999.999999999998,-1.8189894035458565e-12,1.8189894035458565e-12,within,False,
hul-2012,seg_p07_m8,demucs_vocals,8,1,C5,7200.0,1.0,59.99999999999818,7169.999999999999,-30.00000000000091,30.00000000000091,within,False,
hul-2012,seg_p07_m8,demucs_vocals,8,2,C#5,7300.0,0.9245283018867925,50.0,6080.0,-1220.0,1220.0,oct_1,True,pitch_class_oct_1
hul-2012,seg_p07_m8,demucs_vocals,8,3,C5,7200.0,0.9245283018867925,990.0000000000009,7190.000000000001,-9.99999999999909,9.99999999999909,within,True,iqr_high
hul-2012,seg_p07_m8,demucs_vocals,8,4,D5,7400.0,1.0,30.00000000000091,7400.0,0.0,0.0,within,False,
hul-2012,seg_p07_m8,demucs_vocals,8,5,C#5,7300.0,1.0,9.99999999999909,7400.0,100.0,100.0,within,False,
hul-2012,seg_p07_m8,demucs_vocals,8,6,C5,7200.0,1.0,9.99999999999909,7289.999999999999,89.99999999999909,89.99999999999909,within,False,
hul-2012,seg_p07_m8,demucs_vocals,8,7,A#4,7000.0,1.0,9.99999999999909,6989.999999999999,-10.00000000000091,10.00000000000091,within,False,
hul-2012,seg_p07_m13,original,13,1,D#4,6300.0,1.0,10.000000000001819,6260.0,-40.0,40.0,within,False,
hul-2012,seg_p07_m13,original,13,2,D4,6200.0,1.0,19.99999999999909,6169.999999999999,-30.00000000000091,30.00000000000091,within,False,
hul-2012,seg_p07_m13,original,13,3,B3,5900.0,0.75,210.0,5895.0,-5.0,5.0,within,False,
hul-2012,seg_p07_m13,original,13,4,G#3,5600.0,1.0,119.99999999999909,5539.999999999999,-60.00000000000091,60.00000000000091,within,False,
hul-2012,seg_p07_m13,demucs_vocals,13,1,D#4,6300.0,1.0,9.99999999999909,6249.999999999998,-50.00000000000182,50.00000000000182,within,False,
hul-2012,seg_p07_m13,demucs_vocals,13,2,D4,6200.0,0.918918918918919,19.99999999999909,6159.999999999999,-40.00000000000091,40.00000000000091,within,False,
hul-2012,seg_p07_m13,demucs_vocals,13,3,B3,5900.0,0.9782608695652174,22.49999999999909,5829.999999999999,-70.00000000000091,70.00000000000091,within,False,
hul-2012,seg_p07_m13,demucs_vocals,13,4,G#3,5600.0,1.0,135.0,5520.0,-80.0,80.0,within,False,
hul-2012,seg_p07_m18b6_m19b5,original,18,3,C5,7200.0,1.0,10.0,7159.999999999999,-40.00000000000091,40.00000000000091,within,False,
hul-2012,seg_p07_m18b6_m19b5,original,19,2,B4,7100.0,0.9,1127.499999999999,7039.999999999998,-60.00000000000182,60.00000000000182,within,True,iqr_high
hul-2012,seg_p07_m18b6_m19b5,original,19,3,G#4,6800.0,1.0,50.0,6030.0,-770.0,770.0,within,False,
hul-2012,seg_p07_m18b6_m19b5,original,19,4,C5,7200.0,1.0,39.99999999999909,7149.999999999998,-50.00000000000182,50.00000000000182,within,False,
hul-2012,seg_p07_m18b6_m19b5,original,19,5,B4,7100.0,0.675,9.99999999999909,7100.0,0.0,0.0,within,False,
hul-2012,seg_p07_m18b6_m19b5,original,19,6,G#4,6800.0,0.9512195121951219,90.00000000000091,6680.0,-120.0,120.0,within,False,
hul-2012,seg_p07_m18b6_m19b5,original,19,7,C#4,6100.0,0.975,45.00000000000091,5820.0,-280.0,280.0,within,False,
hul-2012,seg_p07_m18b6_m19b5,demucs_vocals,18,3,C5,7200.0,1.0,10.0,7159.999999999999,-40.00000000000091,40.00000000000091,within,False,
hul-2012,seg_p07_m18b6_m19b5,demucs_vocals,19,2,B4,7100.0,0.9,1127.499999999999,7039.999999999998,-60.00000000000182,60.00000000000182,within,True,iqr_high
hul-2012,seg_p07_m18b6_m19b5,demucs_vocals,19,3,G#4,6800.0,1.0,50.0,6030.0,-770.0,770.0,within,False,
hul-2012,seg_p07_m18b6_m19b5,demucs_vocals,19,4,C5,7200.0,1.0,39.99999999999909,7149.999999999998,-50.00000000000182,50.00000000000182,within,False,
hul-2012,seg_p07_m18b6_m19b5,demucs_vocals,19,5,B4,7100.0,0.675,9.99999999999909,7100.0,0.0,0.0,within,False,
hul-2012,seg_p07_m18b6_m19b5,demucs_vocals,19,6,G#4,6800.0,0.9512195121951219,90.00000000000091,6680.0,-120.0,120.0,within,False,
hul-2012,seg_p07_m18b6_m19b5,demucs_vocals,19,7,C#4,6100.0,0.975,45.00000000000091,5820.0,-280.0,280.0,within,False,
bou-1961,seg_p07_m5,original,5,1,F4,6500.0,0.8571428571428571,10.0,6019.999999999999,-480.0000000000009,480.0000000000009,within,False,
bou-1961,seg_p07_m5,original,5,2,D4,6200.0,0.9841269841269841,355.0,5509.999999999999,-690.0000000000009,690.0000000000009,fifth_down,True,pitch_class_fifth_down
bou-1961,seg_p07_m5,original,5,3,E4,6400.0,0.8095238095238095,179.9999999999991,5730.0,-670.0,670.0,fifth_down,True,pitch_class_fifth_down
bou-1961,seg_p07_m5,original,5,4,G#4,6800.0,1.0,85.0,6099.999999999998,-700.0000000000018,700.0000000000018,fifth_down,True,pitch_class_fifth_down
bou-1961,seg_p07_m5,original,5,5,B4,7100.0,0.8095238095238095,374.9999999999991,4999.999999999999,-2100.000000000001,2100.000000000001,within,False,
bou-1961,seg_p07_m5,original,5,6,D4,6200.0,1.0,20.00000000000091,5609.999999999999,-590.0000000000009,590.0000000000009,within,False,
bou-1961,seg_p07_m5,demucs_vocals,5,1,F4,6500.0,0.9365079365079365,85.0,6080.0,-420.0,420.0,within,False,
bou-1961,seg_p07_m5,demucs_vocals,5,2,D4,6200.0,1.0,110.0,5689.999999999999,-510.0000000000009,510.0000000000009,within,False,
bou-1961,seg_p07_m5,demucs_vocals,5,3,E4,6400.0,0.8571428571428571,80.0,5800.0,-600.0,600.0,within,False,
bou-1961,seg_p07_m5,demucs_vocals,5,4,G#4,6800.0,1.0,85.0,6099.999999999998,-700.0000000000018,700.0000000000018,fifth_down,True,pitch_class_fifth_down
bou-1961,seg_p07_m5,demucs_vocals,5,5,B4,7100.0,1.0,359.9999999999982,6230.0,-870.0,870.0,within,False,
bou-1961,seg_p07_m5,demucs_vocals,5,6,D4,6200.0,0.9193548387096774,39.99999999999909,5670.0,-530.0,530.0,within,False,
bou-1961,seg_p07_m8,original,8,1,C5,7200.0,0.9464285714285714,200.0,6549.999999999998,-650.0000000000018,650.0000000000018,fifth_down,True,pitch_class_fifth_down
bou-1961,seg_p07_m8,original,8,2,C#5,7300.0,0.972972972972973,462.5,6600.0,-700.0,700.0,fifth_down,True,pitch_class_fifth_down
bou-1961,seg_p07_m8,original,8,3,C5,7200.0,0.8108108108108109,190.0,6285.0,-915.0,915.0,within,False,
bou-1961,seg_p07_m8,original,8,4,D5,7400.0,1.0,165.0000000000009,6500.0,-900.0,900.0,within,False,
bou-1961,seg_p07_m8,original,8,5,C#5,7300.0,0.7368421052631579,990.0,5250.0,-2050.0,2050.0,within,True,iqr_high
bou-1961,seg_p07_m8,original,8,6,C5,7200.0,0.918918918918919,47.49999999999909,5229.999999999999,-1970.000000000001,1970.000000000001,within,False,
bou-1961,seg_p07_m8,original,8,7,A#4,7000.0,0.972972972972973,292.5,6190.0,-810.0,810.0,within,False,
bou-1961,seg_p07_m8,demucs_vocals,8,1,C5,7200.0,0.9285714285714286,110.00000000000091,6480.000000000001,-719.9999999999991,719.9999999999991,fifth_down,True,pitch_class_fifth_down
bou-1961,seg_p07_m8,demucs_vocals,8,2,C#5,7300.0,0.972972972972973,40.00000000000091,6619.999999999999,-680.0000000000009,680.0000000000009,fifth_down,True,pitch_class_fifth_down
bou-1961,seg_p07_m8,demucs_vocals,8,3,C5,7200.0,0.5945945945945946,82.50000000000091,6455.0,-745.0,745.0,fifth_down,True,pitch_class_fifth_down
bou-1961,seg_p07_m8,demucs_vocals,8,4,D5,7400.0,1.0,180.0,6450.0,-950.0,950.0,within,False,
bou-1961,seg_p07_m8,demucs_vocals,8,5,C#5,7300.0,1.0,49.99999999999909,6480.000000000001,-819.9999999999991,819.9999999999991,within,False,
bou-1961,seg_p07_m8,demucs_vocals,8,6,C5,7200.0,1.0,50.0,6429.999999999998,-770.0000000000018,770.0000000000018,within,False,
bou-1961,seg_p07_m8,demucs_vocals,8,7,A#4,7000.0,1.0,30.00000000000091,6209.999999999999,-790.0000000000009,790.0000000000009,within,False,
bou-1961,seg_p07_m13,original,13,1,D#4,6300.0,0.9830508474576272,20.0,5935.0,-365.0,365.0,within,False,
bou-1961,seg_p07_m13,original,13,2,D4,6200.0,0.6779661016949152,150.0,5684.999999999999,-515.0000000000009,515.0000000000009,within,False,
bou-1961,seg_p07_m13,original,13,3,B3,5900.0,0.9743589743589743,29.99999999999909,5459.999999999999,-440.0000000000009,440.0000000000009,within,False,
bou-1961,seg_p07_m13,original,13,4,G#3,5600.0,0.8305084745762712,130.00000000000182,5270.0,-330.0,330.0,within,False,
bou-1961,seg_p07_m13,demucs_vocals,13,1,D#4,6300.0,1.0,15.00000000000091,5930.0,-370.0,370.0,within,False,
bou-1961,seg_p07_m13,demucs_vocals,13,2,D4,6200.0,0.9830508474576272,30.0,5769.999999999999,-430.0000000000009,430.0000000000009,within,False,
bou-1961,seg_p07_m13,demucs_vocals,13,3,B3,5900.0,0.9829059829059829,29.99999999999909,5459.999999999999,-440.0000000000009,440.0000000000009,within,False,
bou-1961,seg_p07_m13,demucs_vocals,13,4,G#3,5600.0,1.0,115.00000000000091,5270.0,-330.0,330.0,within,False,
bou-1961,seg_p07_m18b6_m19b5,original,18,3,C5,7200.0,0.8707482993197279,42.50000000000091,6590.000000000001,-609.9999999999991,609.9999999999991,within,False,
bou-1961,seg_p07_m18b6_m19b5,original,19,2,B4,7100.0,0.7837837837837838,20.00000000000091,6140.000000000001,-959.9999999999991,959.9999999999991,within,False,
bou-1961,seg_p07_m18b6_m19b5,original,19,3,G#4,6800.0,0.7027027027027027,367.5,5495.0,-1305.0,1305.0,within,False,
bou-1961,seg_p07_m18b6_m19b5,original,19,4,C5,7200.0,1.0,164.9999999999991,6520.0,-680.0,680.0,fifth_down,True,pitch_class_fifth_down
bou-1961,seg_p07_m18b6_m19b5,original,19,5,B4,7100.0,0.6486486486486487,122.49999999999909,6209.999999999999,-890.0000000000009,890.0000000000009,within,False,
bou-1961,seg_p07_m18b6_m19b5,original,19,6,G#4,6800.0,0.7222222222222222,137.4999999999991,5985.0,-815.0,815.0,within,False,
bou-1961,seg_p07_m18b6_m19b5,original,19,7,C#4,6100.0,0.8918918918918919,20.00000000000091,5120.0,-980.0,980.0,within,False,
bou-1961,seg_p07_m18b6_m19b5,demucs_vocals,18,3,C5,7200.0,0.8639455782312925,45.00000000000182,6579.999999999998,-620.0000000000018,620.0000000000018,within,False,
bou-1961,seg_p07_m18b6_m19b5,demucs_vocals,19,2,B4,7100.0,0.7837837837837838,20.00000000000091,6140.000000000001,-959.9999999999991,959.9999999999991,within,False,
bou-1961,seg_p07_m18b6_m19b5,demucs_vocals,19,3,G#4,6800.0,0.972972972972973,372.5,5495.0,-1305.0,1305.0,within,False,
bou-1961,seg_p07_m18b6_m19b5,demucs_vocals,19,4,C5,7200.0,0.990909090909091,150.0,6520.0,-680.0,680.0,fifth_down,True,pitch_class_fifth_down
bou-1961,seg_p07_m18b6_m19b5,demucs_vocals,19,5,B4,7100.0,0.6486486486486487,122.49999999999909,6209.999999999999,-890.0000000000009,890.0000000000009,within,False,
bou-1961,seg_p07_m18b6_m19b5,demucs_vocals,19,6,G#4,6800.0,0.7222222222222222,137.4999999999991,5985.0,-815.0,815.0,within,False,
bou-1961,seg_p07_m18b6_m19b5,demucs_vocals,19,7,C#4,6100.0,1.0,20.00000000000091,5130.0,-970.0,970.0,within,False,
bou-1977,seg_p07_m5,original,5,1,F4,6500.0,1.0,19.99999999999818,6689.999999999999,189.9999999999991,189.9999999999991,within,False,
bou-1977,seg_p07_m5,original,5,2,D4,6200.0,0.6935483870967742,505.0,6650.0,450.0,450.0,within,True,iqr_high
bou-1977,seg_p07_m5,original,5,3,E4,6400.0,0.9508196721311475,127.49999999999818,6719.999999999999,319.9999999999991,319.9999999999991,within,False,
bou-1977,seg_p07_m5,original,5,4,G#4,6800.0,1.0,40.00000000000182,6800.0,0.0,0.0,within,False,
bou-1977,seg_p07_m5,original,5,5,B4,7100.0,1.0,20.00000000000182,6919.999999999999,-180.0000000000009,180.0000000000009,within,False,
bou-1977,seg_p07_m5,original,5,6,D4,6200.0,0.8688524590163934,0.0,4900.0,-1300.0,1300.0,within,False,
bou-1977,seg_p07_m5,demucs_vocals,5,1,F4,6500.0,1.0,70.00000000000182,6480.000000000001,-19.99999999999909,19.99999999999909,within,False,
bou-1977,seg_p07_m5,demucs_vocals,5,2,D4,6200.0,1.0,50.00000000000091,6204.999999999999,4.9999999999990905,4.9999999999990905,within,False,
bou-1977,seg_p07_m5,demucs_vocals,5,3,E4,6400.0,1.0,320.0000000000009,6450.0,50.0,50.0,within,False,
bou-1977,seg_p07_m5,demucs_vocals,5,4,G#4,6800.0,1.0,40.00000000000182,6800.0,0.0,0.0,within,False,
bou-1977,seg_p07_m5,demucs_vocals,5,5,B4,7100.0,0.9016393442622951,65.00000000000182,7059.999999999999,-40.00000000000091,40.00000000000091,within,False,
bou-1977,seg_p07_m5,demucs_vocals,5,6,D4,6200.0,0.7213114754098361,62.50000000000091,6155.0,-45.0,45.0,within,False,
bou-1977,seg_p07_m8,original,8,1,C5,7200.0,0.9448818897637795,332.5,7169.999999999999,-30.00000000000091,30.00000000000091,within,False,
bou-1977,seg_p07_m8,original,8,2,C#5,7300.0,0.8809523809523809,70.0,6159.999999999999,-1140.000000000001,1140.000000000001,within,False,
bou-1977,seg_p07_m8,original,8,3,C5,7200.0,0.7380952380952381,1099.999999999999,7209.999999999999,9.99999999999909,9.99999999999909,within,True,iqr_high
bou-1977,seg_p07_m8,original,8,4,D5,7400.0,1.0,80.00000000000091,7379.999999999998,-20.00000000000182,20.00000000000182,within,False,
bou-1977,seg_p07_m8,original,8,5,C#5,7300.0,1.0,87.49999999999727,7314.999999999999,14.99999999999909,14.99999999999909,within,False,
bou-1977,seg_p07_m8,original,8,6,C5,7200.0,1.0,24.99999999999818,7285.0,85.0,85.0,within,False,
bou-1977,seg_p07_m8,original,8,7,A#4,7000.0,1.0,30.00000000000091,7050.0,50.0,50.0,within,False,
bou-1977,seg_p07_m8,demucs_vocals,8,1,C5,7200.0,0.952755905511811,79.99999999999818,7169.999999999999,-30.00000000000091,30.00000000000091,within,False,
bou-1977,seg_p07_m8,demucs_vocals,8,2,C#5,7300.0,0.8809523809523809,49.99999999999909,7280.0,-20.0,20.0,within,False,
bou-1977,seg_p07_m8,demucs_vocals,8,3,C5,7200.0,0.9047619047619048,10.0,7209.999999999999,9.99999999999909,9.99999999999909,within,False,
bou-1977,seg_p07_m8,demucs_vocals,8,4,D5,7400.0,1.0,40.0,7400.0,0.0,0.0,within,False,
bou-1977,seg_p07_m8,demucs_vocals,8,5,C#5,7300.0,1.0,30.00000000000091,7329.999999999998,29.99999999999818,29.99999999999818,within,False,
bou-1977,seg_p07_m8,demucs_vocals,8,6,C5,7200.0,1.0,20.0,7299.999999999998,99.99999999999818,99.99999999999818,within,False,
bou-1977,seg_p07_m8,demucs_vocals,8,7,A#4,7000.0,1.0,29.99999999999909,6999.999999999998,-1.8189894035458565e-12,1.8189894035458565e-12,within,False,
bou-1977,seg_p07_m13,original,13,1,D#4,6300.0,1.0,30.00000000000091,6270.0,-30.0,30.0,within,False,
bou-1977,seg_p07_m13,original,13,2,D4,6200.0,1.0,80.0,6209.999999999999,9.99999999999909,9.99999999999909,within,False,
bou-1977,seg_p07_m13,original,13,3,B3,5900.0,0.5103448275862069,937.5000000000009,5764.999999999999,-135.0000000000009,135.0000000000009,within,True,iqr_high
bou-1977,seg_p07_m13,original,13,4,G#3,5600.0,0.9726027397260274,49.99999999999909,5500.0,-100.0,100.0,within,False,
bou-1977,seg_p07_m13,demucs_vocals,13,1,D#4,6300.0,1.0,19.99999999999909,6270.0,-30.0,30.0,within,False,
bou-1977,seg_p07_m13,demucs_vocals,13,2,D4,6200.0,0.9657534246575342,30.0,6199.999999999999,-9.094947017729282e-13,9.094947017729282e-13,within,False,
bou-1977,seg_p07_m13,demucs_vocals,13,3,B3,5900.0,0.9310344827586207,70.00000000000091,5789.999999999999,-110.00000000000091,110.00000000000091,within,False,
bou-1977,seg_p07_m13,demucs_vocals,13,4,G#3,5600.0,1.0,50.0,5520.0,-80.0,80.0,within,False,
bou-1977,seg_p07_m18b6_m19b5,original,18,3,C5,7200.0,1.0,20.00000000000091,7169.999999999999,-30.00000000000091,30.00000000000091,within,False,
bou-1977,seg_p07_m18b6_m19b5,original,19,2,B4,7100.0,1.0,130.00000000000182,7069.999999999999,-30.00000000000091,30.00000000000091,within,False,
bou-1977,seg_p07_m18b6_m19b5,original,19,3,G#4,6800.0,0.9722222222222222,200.0000000000009,6879.999999999998,79.99999999999818,79.99999999999818,within,False,
bou-1977,seg_p07_m18b6_m19b5,original,19,4,C5,7200.0,1.0,77.49999999999818,7130.0,-70.0,70.0,within,False,
bou-1977,seg_p07_m18b6_m19b5,original,19,5,B4,7100.0,1.0,275.0,7059.999999999999,-40.00000000000091,40.00000000000091,within,False,
bou-1977,seg_p07_m18b6_m19b5,original,19,6,G#4,6800.0,0.918918918918919,67.5,6665.0,-135.0,135.0,within,False,
bou-1977,seg_p07_m18b6_m19b5,original,19,7,C#4,6100.0,0.8611111111111112,25.00000000000091,6030.0,-70.0,70.0,within,False,
bou-1977,seg_p07_m18b6_m19b5,demucs_vocals,18,3,C5,7200.0,1.0,20.00000000000091,7169.999999999999,-30.00000000000091,30.00000000000091,within,False,
bou-1977,seg_p07_m18b6_m19b5,demucs_vocals,19,2,B4,7100.0,1.0,130.00000000000182,7069.999999999999,-30.00000000000091,30.00000000000091,within,False,
bou-1977,seg_p07_m18b6_m19b5,demucs_vocals,19,3,G#4,6800.0,0.9722222222222222,200.0000000000009,6879.999999999998,79.99999999999818,79.99999999999818,within,False,
bou-1977,seg_p07_m18b6_m19b5,demucs_vocals,19,4,C5,7200.0,1.0,77.49999999999818,7130.0,-70.0,70.0,within,False,
bou-1977,seg_p07_m18b6_m19b5,demucs_vocals,19,5,B4,7100.0,1.0,255.00000000000182,7059.999999999999,-40.00000000000091,40.00000000000091,within,False,
bou-1977,seg_p07_m18b6_m19b5,demucs_vocals,19,6,G#4,6800.0,0.8918918918918919,60.00000000000091,6659.999999999999,-140.0000000000009,140.0000000000009,within,False,
bou-1977,seg_p07_m18b6_m19b5,demucs_vocals,19,7,C#4,6100.0,0.8888888888888888,22.50000000000091,6030.0,-70.0,70.0,within,False,
her-1991,seg_p07_m5,original,5,1,F4,6500.0,0.8961038961038961,70.0,4849.999999999999,-1650.000000000001,1650.000000000001,within,False,
her-1991,seg_p07_m5,original,5,2,D4,6200.0,1.0,30.0,4809.999999999999,-1390.000000000001,1390.000000000001,within,False,
her-1991,seg_p07_m5,original,5,3,E4,6400.0,0.6578947368421053,20.0,4900.0,-1500.0,1500.0,within,False,
her-1991,seg_p07_m5,original,5,4,G#4,6800.0,1.0,120.0,6370.0,-430.0,430.0,within,False,
her-1991,seg_p07_m5,original,5,5,B4,7100.0,1.0,100.0,6830.0,-270.0,270.0,within,False,
her-1991,seg_p07_m5,original,5,6,D4,6200.0,0.9342105263157895,10.0,5599.999999999999,-600.0000000000009,600.0000000000009,within,False,
her-1991,seg_p07_m5,demucs_vocals,5,1,F4,6500.0,1.0,60.00000000000091,6140.000000000001,-359.9999999999991,359.9999999999991,within,False,
her-1991,seg_p07_m5,demucs_vocals,5,2,D4,6200.0,1.0,49.99999999999909,6040.0,-160.0,160.0,within,False,
her-1991,seg_p07_m5,demucs_vocals,5,3,E4,6400.0,0.6710526315789473,44.99999999999909,6089.999999999999,-310.0000000000009,310.0000000000009,within,False,
her-1991,seg_p07_m5,demucs_vocals,5,4,G#4,6800.0,1.0,120.0,6370.0,-430.0,430.0,within,False,
her-1991,seg_p07_m5,demucs_vocals,5,5,B4,7100.0,0.987012987012987,582.5,6559.999999999998,-540.0000000000018,540.0000000000018,within,True,iqr_high
her-1991,seg_p07_m5,demucs_vocals,5,6,D4,6200.0,0.868421052631579,47.49999999999909,5809.999999999999,-390.0000000000009,390.0000000000009,within,False,
her-1991,seg_p07_m8,original,8,1,C5,7200.0,0.935064935064935,502.4999999999991,6745.0,-455.0,455.0,within,True,iqr_high
her-1991,seg_p07_m8,original,8,2,C#5,7300.0,0.8431372549019608,79.99999999999909,6169.999999999999,-1130.000000000001,1130.000000000001,within,False,
her-1991,seg_p07_m8,original,8,3,C5,7200.0,0.9803921568627451,607.5,6319.999999999999,-880.0000000000009,880.0000000000009,within,True,iqr_high
her-1991,seg_p07_m8,original,8,4,D5,7400.0,1.0,39.99999999999909,6959.999999999999,-440.0000000000009,440.0000000000009,within,False,
her-1991,seg_p07_m8,original,8,5,C#5,7300.0,1.0,187.5000000000009,6885.0,-415.0,415.0,within,False,
her-1991,seg_p07_m8,original,8,6,C5,7200.0,1.0,50.0,6919.999999999999,-280.0000000000009,280.0000000000009,within,False,
her-1991,seg_p07_m8,original,8,7,A#4,7000.0,1.0,19.99999999999818,6740.000000000001,-259.9999999999991,259.9999999999991,within,False,
her-1991,seg_p07_m8,demucs_vocals,8,1,C5,7200.0,0.9090909090909091,752.5,6579.999999999998,-620.0000000000018,620.0000000000018,within,True,iqr_high
her-1991,seg_p07_m8,demucs_vocals,8,2,C#5,7300.0,0.0,nan,nan,nan,nan,nan,True,voiced_low
her-1991,seg_p07_m8,demucs_vocals,8,3,C5,7200.0,0.803921568627451,60.00000000000182,6909.999999999999,-290.0000000000009,290.0000000000009,within,False,
her-1991,seg_p07_m8,demucs_vocals,8,4,D5,7400.0,1.0,29.99999999999818,6950.0,-450.0,450.0,within,False,
her-1991,seg_p07_m8,demucs_vocals,8,5,C#5,7300.0,1.0,19.99999999999909,6869.999999999999,-430.0000000000009,430.0000000000009,within,False,
her-1991,seg_p07_m8,demucs_vocals,8,6,C5,7200.0,1.0,70.00000000000091,6909.999999999999,-290.0000000000009,290.0000000000009,within,False,
her-1991,seg_p07_m8,demucs_vocals,8,7,A#4,7000.0,1.0,25.00000000000182,6740.000000000001,-259.9999999999991,259.9999999999991,within,False,
her-1991,seg_p07_m13,original,13,1,D#4,6300.0,1.0,49.99999999999909,6019.999999999999,-280.0000000000009,280.0000000000009,within,False,
her-1991,seg_p07_m13,original,13,2,D4,6200.0,1.0,220.0,5990.000000000001,-209.9999999999991,209.9999999999991,within,False,
her-1991,seg_p07_m13,original,13,3,B3,5900.0,0.8982035928143712,610.0000000000009,6009.999999999999,109.99999999999909,109.99999999999909,within,True,iqr_high
her-1991,seg_p07_m13,original,13,4,G#3,5600.0,0.8571428571428571,100.0,5469.999999999999,-130.0000000000009,130.0000000000009,within,False,
her-1991,seg_p07_m13,demucs_vocals,13,1,D#4,6300.0,1.0,20.0,5970.0,-330.0,330.0,within,False,
her-1991,seg_p07_m13,demucs_vocals,13,2,D4,6200.0,0.9401197604790419,20.00000000000091,5829.999999999999,-370.0000000000009,370.0000000000009,within,False,
her-1991,seg_p07_m13,demucs_vocals,13,3,B3,5900.0,1.0,60.0,5469.999999999999,-430.0000000000009,430.0000000000009,within,False,
her-1991,seg_p07_m13,demucs_vocals,13,4,G#3,5600.0,1.0,89.99999999999909,5469.999999999999,-130.0000000000009,130.0000000000009,within,False,
her-1991,seg_p07_m18b6_m19b5,original,18,3,C5,7200.0,0.9156626506024096,30.0,7169.999999999999,-30.00000000000091,30.00000000000091,within,False,
her-1991,seg_p07_m18b6_m19b5,original,19,2,B4,7100.0,0.7619047619047619,742.5,6520.0,-580.0,580.0,within,True,iqr_high
her-1991,seg_p07_m18b6_m19b5,original,19,3,G#4,6800.0,0.17073170731707318,685.0000000000027,7179.999999999998,379.9999999999982,379.9999999999982,within,True,"voiced_low,iqr_high"
her-1991,seg_p07_m18b6_m19b5,original,19,4,C5,7200.0,1.0,80.0,7109.999999999999,-90.00000000000091,90.00000000000091,within,False,
her-1991,seg_p07_m18b6_m19b5,original,19,5,B4,7100.0,0.6341463414634146,1282.5,5630.0,-1470.0,1470.0,within,True,iqr_high
her-1991,seg_p07_m18b6_m19b5,original,19,6,G#4,6800.0,0.7804878048780488,120.0,5709.999999999999,-1090.000000000001,1090.000000000001,within,False,
her-1991,seg_p07_m18b6_m19b5,original,19,7,C#4,6100.0,1.0,77.5,6199.999999999999,99.99999999999909,99.99999999999909,within,False,
her-1991,seg_p07_m18b6_m19b5,demucs_vocals,18,3,C5,7200.0,0.9879518072289156,30.0,7159.999999999999,-40.00000000000091,40.00000000000091,within,False,
her-1991,seg_p07_m18b6_m19b5,demucs_vocals,19,2,B4,7100.0,0.7857142857142857,739.9999999999991,6520.0,-580.0,580.0,within,True,iqr_high
her-1991,seg_p07_m18b6_m19b5,demucs_vocals,19,3,G#4,6800.0,0.21951219512195122,1360.0000000000018,7179.999999999998,379.9999999999982,379.9999999999982,within,True,"voiced_low,iqr_high"
her-1991,seg_p07_m18b6_m19b5,demucs_vocals,19,4,C5,7200.0,1.0,90.00000000000182,7109.999999999999,-90.00000000000091,90.00000000000091,within,False,
her-1991,seg_p07_m18b6_m19b5,demucs_vocals,19,5,B4,7100.0,0.6097560975609756,1300.0,5619.999999999999,-1480.000000000001,1480.000000000001,within,True,iqr_high
her-1991,seg_p07_m18b6_m19b5,demucs_vocals,19,6,G#4,6800.0,0.7804878048780488,114.99999999999909,5709.999999999999,-1090.000000000001,1090.000000000001,within,False,
her-1991,seg_p07_m18b6_m19b5,demucs_vocals,19,7,C#4,6100.0,1.0,57.50000000000091,6199.999999999999,99.99999999999909,99.99999999999909,within,False,
